n,processes,strategy,min_compute_seconds,max_compute_seconds,imbalance_ratio,overall_seconds
20000000,3,block-cyclic,1.736604126,1.817504018,1.046585109,1.930942443
20000000,3,cyclic,0.004453682,2.795861831,627.764135607,2.921646456
20000000,3,block,1.113092654,2.453063500,2.203826870,2.582935902
20000000,4,block-cyclic,1.361957611,1.441023702,1.058053269,1.580665876
20000000,4,cyclic,1.292615362,1.334237997,1.032200325,1.488038074
20000000,4,block,0.743554976,1.944170876,2.614696880,2.087521377
20000000,5,block-cyclic,1.104997574,1.167664191,1.056711995,1.299809305
20000000,5,cyclic,0.003156886,1.550294718,491.083529149,1.702212866
20000000,5,block,0.601049012,1.670929590,2.780022189,1.812059683
