n,processes,threads_per_process,total_workers,serial_seconds,mpi_seconds,compute_seconds,gather_seconds,postprocess_seconds,hybrid_seconds,empirical_speedup,vs_mpi_speedup,theoretical_speedup,efficiency
60000000,1,1,1,24.085144692,24.043744888,23.749573813,0.009605866,0.396306679,24.160900853,0.996864514,0.995151010,1.000000000,0.996864514
60000000,1,2,2,24.085144692,24.043744888,12.326828909,0.012360778,0.335176259,12.721590150,1.893249539,1.889995245,1.966520981,0.946624769
60000000,1,4,4,24.085144692,24.043744888,6.506112981,0.009785394,0.326310672,6.818388477,3.532380822,3.526309035,3.805633100,0.883095205
60000000,1,8,8,24.085144692,24.043744888,4.201949531,0.013218604,0.339776083,4.560202944,5.281594918,5.272516417,7.148145256,0.660199365
60000000,1,16,16,24.085144692,24.043744888,2.479900103,0.005522979,0.361323229,2.846665445,8.460827293,8.446284030,12.745273168,0.528801706
60000000,2,1,2,24.085144692,12.525335918,12.150081865,0.012865450,0.389336358,12.583146914,1.914079590,0.995405681,1.966520981,0.957039795
60000000,2,2,4,24.085144692,12.525335918,6.488110774,0.011874410,0.338702944,6.851997484,3.515054515,1.827983146,3.805633100,0.878763629
60000000,4,1,4,24.085144692,7.157197314,6.646109601,0.011433501,0.412979830,7.070268832,3.406538742,1.012294933,3.805633100,0.851634685
60000000,4,2,8,24.085144692,7.157197314,4.253707729,0.011221860,0.411589905,4.676726790,5.150000369,1.530386023,7.148145256,0.643750046
60000000,4,4,16,24.085144692,7.157197314,2.556513805,0.011787978,0.430046851,2.999219507,8.030470806,2.386353282,12.745273168,0.501904425
60000000,4,8,32,24.085144692,7.157197314,2.556248707,0.012433149,0.420449902,3.035142273,7.935425270,2.358109331,20.945708942,0.247982040
60000000,4,16,64,24.085144692,7.157197314,2.745941632,0.012591944,0.432297695,3.187903055,7.555168484,2.245111345,30.879939282,0.118049508
60000000,8,1,8,24.085144692,5.665561571,5.157860538,0.021314340,0.575146834,5.755122904,4.184992240,0.984437981,7.148145256,0.523124030
60000000,8,2,16,24.085144692,5.665561571,3.041656191,0.018968246,0.641388943,3.683708060,6.538288132,1.538005042,12.745273168,0.408643008
60000000,16,1,16,24.085144692,4.088468050,3.144698878,0.022655932,0.860806833,4.037150224,5.965877749,1.012711399,12.745273168,0.372867359
