n,processes,serial_seconds,compute_seconds,gather_seconds,postprocess_seconds,mpi_seconds,empirical_speedup,theoretical_speedup,efficiency
60000000,1,24.123074046,23.948293368,0.015024239,0.388522399,24.375859392,0.989629685,1.000000000,0.989629685
60000000,2,24.123074046,12.437072924,0.015371290,0.391796973,12.843916472,1.878171203,1.965523631,0.939085601
60000000,3,24.123074046,8.724264536,0.047049796,0.421732470,9.154580364,2.635082449,2.898323609,0.878360816
60000000,4,24.123074046,6.746645682,0.063268546,0.411883293,7.140269901,3.378454089,3.800035824,0.844613522
60000000,5,24.123074046,5.736021784,0.268815853,0.449619284,6.174594926,3.906826980,4.672188914,0.781365396
60000000,6,24.123074046,5.245178543,0.298705347,0.498201157,5.699388612,4.232572244,5.516212909,0.705428707
60000000,7,24.123074046,4.913659061,0.309094853,0.549564094,5.442734624,4.432160616,6.333447063,0.633165802
60000000,8,24.123074046,4.591048661,0.180377628,0.619721489,5.222728040,4.618864674,7.125146938,0.577358084
60000000,9,24.123074046,4.735623476,0.447123723,0.701093638,5.456616020,4.420885391,7.892490845,0.491209488
60000000,10,24.123074046,4.956492212,0.169307026,0.801826141,5.803858075,4.156385931,8.636585693,0.415638593
60000000,11,24.123074046,4.505674067,0.215227067,0.777508610,5.301385241,4.550334101,9.358472317,0.413666736
60000000,12,24.123074046,3.845111885,0.229708881,0.678843698,4.544027906,5.308742496,10.059130337,0.442395208
60000000,13,24.123074046,3.720390129,0.298905010,0.782021687,4.461535195,5.406899866,10.739482593,0.415915374
60000000,14,24.123074046,3.419085722,0.172022626,0.713856625,4.143474128,5.821943929,11.400399197,0.415853138
60000000,15,24.123074046,3.234430764,0.210625583,0.740338905,4.039827407,5.971313033,12.042701251,0.398087536
60000000,16,24.123074046,3.069185600,0.217483375,0.791341089,4.010424298,6.015092732,12.667164244,0.375943296
